subject,grade,unit,topic
Mathematics,7,Number and place value,Place value and ordering whole numbers
Mathematics,7,Number and place value,Rounding and estimating
Mathematics,7,"Number and place value","Factors, multiples, HCF and LCM"
Mathematics,7,Number and place value,Prime numbers and prime factorisation
Mathematics,7,"Number and place value","Squares, cubes and roots"
Mathematics,7,Number and place value,Indices (introduction)
Mathematics,7,"Fractions, decimals and percentages","Equivalent fractions and simplifying"
Mathematics,7,"Fractions, decimals and percentages","Operations with fractions and mixed numbers"
Mathematics,7,"Fractions, decimals and percentages","Decimals: place value and operations"
Mathematics,7,"Fractions, decimals and percentages","Converting fractions, decimals and percentages"
Mathematics,7,"Fractions, decimals and percentages","Percentages of a quantity"
Mathematics,7,Integers,Directed numbers on the number line
Mathematics,7,Integers,Operations with integers
Mathematics,7,Ratio and rate,Ratio and simplifying ratios
Mathematics,7,Ratio and rate,Sharing in a given ratio
Mathematics,7,Ratio and rate,Rates and unit price
Mathematics,7,Algebra,Algebraic expressions and substitution
Mathematics,7,Algebra,Simplifying expressions (collecting like terms)
Mathematics,7,Algebra,Simple linear equations
Mathematics,7,"Measurement","Units of length, mass and capacity"
Mathematics,7,Measurement,Perimeter and area of rectangles and triangles
Mathematics,7,Measurement,Time and the 24-hour clock
Mathematics,7,Geometry,Angles and angle properties
Mathematics,7,Geometry,Types of triangles and quadrilaterals
Mathematics,7,Geometry,Symmetry
Mathematics,7,Statistics,Collecting and organising data
Mathematics,7,"Statistics","Bar charts, pictograms and pie charts"
Mathematics,7,"Statistics","Mean, median, mode and range"
Mathematics,8,Number,Order of operations
Mathematics,8,Number,Powers and standard form
Mathematics,8,Number,Square roots and cube roots
Mathematics,8,Number,Rational numbers and comparing fractions
Mathematics,8,"Fractions, decimals and percentages","Percentage increase and decrease"
Mathematics,8,"Fractions, decimals and percentages","Percentage profit and loss"
Mathematics,8,"Fractions, decimals and percentages","Discount, commission and tax"
Mathematics,8,"Ratio, rate and proportion","Direct proportion"
Mathematics,8,"Ratio, rate and proportion","Inverse proportion"
Mathematics,8,"Ratio, rate and proportion","Speed, distance and time"
Mathematics,8,"Ratio, rate and proportion","Scale and map reading"
Mathematics,8,Consumer arithmetic,Simple interest
Mathematics,8,Consumer arithmetic,Hire purchase and instalment buying
Mathematics,8,"Consumer arithmetic","Salaries, wages and overtime"
Mathematics,8,Algebra,Expanding brackets
Mathematics,8,Algebra,Factorising (common factors)
Mathematics,8,Algebra,Solving linear equations
Mathematics,8,Algebra,Formulae: substitution and changing the subject (introduction)
Mathematics,8,Algebra,Linear inequalities (introduction)
Mathematics,8,Algebra,Number patterns and sequences
Mathematics,8,Coordinate geometry and graphs,The Cartesian plane and plotting points
Mathematics,8,Coordinate geometry and graphs,Graphs of linear equations
Mathematics,8,Coordinate geometry and graphs,Gradient of a line
Mathematics,8,Measurement,Circumference and area of a circle
Mathematics,8,Measurement,Area of composite shapes
Mathematics,8,Measurement,Volume and surface area of prisms
Mathematics,8,Geometry,Angles in parallel lines
Mathematics,8,Geometry,Angle sum of polygons
Mathematics,8,Geometry,Constructions
Mathematics,8,Geometry,Congruence
Mathematics,8,Statistics and probability,Frequency tables and averages from a table
Mathematics,8,Statistics and probability,Introduction to probability
Mathematics,8,Statistics and probability,Line graphs and scatter diagrams
Mathematics,9,Number,Indices and laws of indices
Mathematics,9,Number,Standard form (scientific notation)
Mathematics,9,Number,Surds (introduction)
Mathematics,9,Number,Approximation and significant figures
Mathematics,9,Consumer arithmetic,Simple interest
Mathematics,9,Consumer arithmetic,Compound interest
Mathematics,9,Consumer arithmetic,Appreciation and depreciation
Mathematics,9,Consumer arithmetic,Foreign exchange and currency conversion
Mathematics,9,"Consumer arithmetic","Taxes, VAT and GCT"
Mathematics,9,Consumer arithmetic,Household bills and budgeting
Mathematics,9,Ratio and proportion,Direct and inverse variation
Mathematics,9,Ratio and proportion,Compound ratios and rates
Mathematics,9,Algebra,Expanding and factorising expressions
Mathematics,9,Algebra,Factorising quadratics
Mathematics,9,Algebra,Solving quadratic equations
Mathematics,9,Algebra,Simultaneous linear equations
Mathematics,9,Algebra,Linear inequalities
Mathematics,9,Algebra,Changing the subject of a formula
Mathematics,9,Algebra,Algebraic fractions (introduction)
Mathematics,9,Algebra,Arithmetic and geometric sequences
Mathematics,9,Coordinate geometry and graphs,Equation of a straight line
Mathematics,9,Coordinate geometry and graphs,Parallel and perpendicular lines
Mathematics,9,Coordinate geometry and graphs,Midpoint and distance between two points
Mathematics,9,Coordinate geometry and graphs,Graphs of quadratic functions
Mathematics,9,"Measurement","Volume and surface area of cylinders, cones and spheres"
Mathematics,9,Measurement,Compound shapes and units conversion
Mathematics,9,Geometry,Pythagoras' theorem
Mathematics,9,Geometry,Similar triangles and enlargement
Mathematics,9,Geometry,Circle theorems (introduction)
Mathematics,9,"Geometry","Transformations: reflection, rotation, translation"
Mathematics,9,Trigonometry,Trigonometric ratios in right-angled triangles
Mathematics,9,Trigonometry,Angles of elevation and depression
Mathematics,9,Statistics and probability,Cumulative frequency and averages of grouped data
Mathematics,9,Statistics and probability,Probability of combined events
Mathematics,9,Statistics and probability,Sets and Venn diagrams (introduction)
Mathematics,10,Number theory and computation,Number systems and sets of numbers
Mathematics,10,"Number theory and computation","Approximation, significant figures and standard form"
Mathematics,10,Number theory and computation,Indices and logarithms (introduction)
Mathematics,10,"Number theory and computation","Ratio, proportion and rate"
Mathematics,10,Consumer arithmetic,Simple and compound interest
Mathematics,10,Consumer arithmetic,Hire purchase and loans
Mathematics,10,Consumer arithmetic,Currency exchange and taxes
Mathematics,10,"Consumer arithmetic","Wages, salaries, commission and budgeting"
Mathematics,10,Consumer arithmetic,Percentages
Mathematics,10,Sets,Set notation and types of sets
Mathematics,10,"Sets","Union, intersection and complement"
Mathematics,10,Sets,Venn diagrams and problem solving
Mathematics,10,Algebra,Algebraic manipulation and factorisation
Mathematics,10,Algebra,Linear equations and inequalities
Mathematics,10,Algebra,Simultaneous equations
Mathematics,10,Algebra,Quadratic equations
Mathematics,10,Algebra,Changing the subject of a formula
Mathematics,10,Algebra,Variation
Mathematics,10,Algebra,Algebraic fractions
Mathematics,10,"Relations, functions and graphs","Relations and functions"
Mathematics,10,"Relations, functions and graphs","Composite and inverse functions"
Mathematics,10,"Relations, functions and graphs","Graphs of linear and quadratic functions"
Mathematics,10,"Relations, functions and graphs","Solving equations from graphs"
Mathematics,10,"Relations, functions and graphs","Inequalities and linear programming"
Mathematics,10,Geometry,Angles and polygons
Mathematics,10,Geometry,Congruence and similarity
Mathematics,10,Geometry,Circle theorems
Mathematics,10,Geometry,Constructions and loci
Mathematics,11,"Measurement","Perimeter, area and volume"
Mathematics,11,Measurement,Surface area of solids
Mathematics,11,Measurement,Rates and units of measure
Mathematics,11,Statistics,Data collection and presentation
Mathematics,11,Statistics,Measures of central tendency and spread
Mathematics,11,Statistics,Cumulative frequency and quartiles
Mathematics,11,Statistics,Probability
Mathematics,11,Geometry and trigonometry,Pythagoras and right-angled trigonometry
Mathematics,11,Geometry and trigonometry,Sine rule and cosine rule
Mathematics,11,Geometry and trigonometry,Bearings and angles of elevation and depression
Mathematics,11,Geometry and trigonometry,Area of a triangle (1/2 ab sin C)
Mathematics,11,Geometry and trigonometry,Coordinate geometry
Mathematics,11,Geometry and trigonometry,Transformations
Mathematics,11,Geometry and trigonometry,Circle geometry
Mathematics,11,"Vectors and matrices","Vectors: notation, operations and magnitude"
Mathematics,11,Vectors and matrices,Position vectors and geometric proofs
Mathematics,11,Vectors and matrices,Matrices: operations and determinants
Mathematics,11,Vectors and matrices,Inverse matrices and solving simultaneous equations
Mathematics,11,Vectors and matrices,Matrix transformations
Mathematics,11,Algebra,Sequences and series
Mathematics,11,Algebra,Quadratic functions and the discriminant
Mathematics,11,Algebra,Polynomials and the factor theorem (introduction)
Mathematics,11,"Algebra","Indices, surds and logarithms"
Mathematics,11,Revision,Problem solving and mathematical reasoning
Mathematics,11,Revision,Past-paper practice: Paper 1 (multiple choice)
Mathematics,11,Revision,Past-paper practice: Paper 2 (structured)
